1,اسکو,1,2024-09-04 06:36:36.692767+00,t,
2,اهر,1,2024-09-04 06:36:36.692767+00,t,
3,ایلخچی,1,2024-09-04 06:36:36.692767+00,t,
4,آبش احمد,1,2024-09-04 06:36:36.692767+00,t,
5,آذرشهر,1,2024-09-04 06:36:36.692767+00,t,
6,آقکند,1,2024-09-04 06:36:36.692767+00,t,
7,باسمنج,1,2024-09-04 06:36:36.692767+00,t,
8,بخشایش,1,2024-09-04 06:36:36.692767+00,t,
9,بستان آباد,1,2024-09-04 06:36:36.692767+00,t,
10,بناب,1,2024-09-04 06:36:36.692767+00,t,
11,بناب جدید,1,2024-09-04 06:36:36.692767+00,t,
12,تبریز,1,2024-09-04 06:36:36.692767+00,t,
13,ترک,1,2024-09-04 06:36:36.692767+00,t,
14,ترکمانچای,1,2024-09-04 06:36:36.692767+00,t,
15,تسوج,1,2024-09-04 06:36:36.692767+00,t,
16,تیکمه داش,1,2024-09-04 06:36:36.692767+00,t,
17,جلفا,1,2024-09-04 06:36:36.692767+00,t,
18,خاروانا,1,2024-09-04 06:36:36.692767+00,t,
19,خامنه,1,2024-09-04 06:36:36.692767+00,t,
20,خراجو,1,2024-09-04 06:36:36.692767+00,t,
21,خسروشهر,1,2024-09-04 06:36:36.692767+00,t,
22,خضرلو,1,2024-09-04 06:36:36.692767+00,t,
23,خمارلو,1,2024-09-04 06:36:36.692767+00,t,
24,خواجه,1,2024-09-04 06:36:36.692767+00,t,
25,دوزدوزان,1,2024-09-04 06:36:36.692767+00,t,
26,زرنق,1,2024-09-04 06:36:36.692767+00,t,
27,زنوز,1,2024-09-04 06:36:36.692767+00,t,
28,سراب,1,2024-09-04 06:36:36.692767+00,t,
29,سردرود,1,2024-09-04 06:36:36.692767+00,t,
30,سهند,1,2024-09-04 06:36:36.692767+00,t,
31,سیس,1,2024-09-04 06:36:36.692767+00,t,
32,سیه رود,1,2024-09-04 06:36:36.692767+00,t,
33,شبستر,1,2024-09-04 06:36:36.692767+00,t,
34,شربیان,1,2024-09-04 06:36:36.692767+00,t,
35,شرفخانه,1,2024-09-04 06:36:36.692767+00,t,
36,شندآباد,1,2024-09-04 06:36:36.692767+00,t,
37,صوفیان,1,2024-09-04 06:36:36.692767+00,t,
38,عجب شیر,1,2024-09-04 06:36:36.692767+00,t,
39,قره آغاج,1,2024-09-04 06:36:36.692767+00,t,
40,کشکسرای,1,2024-09-04 06:36:36.692767+00,t,
41,کلوانق,1,2024-09-04 06:36:36.692767+00,t,
42,کلیبر,1,2024-09-04 06:36:36.692767+00,t,
43,کوزه کنان,1,2024-09-04 06:36:36.692767+00,t,
44,گوگان,1,2024-09-04 06:36:36.692767+00,t,
45,لیلان,1,2024-09-04 06:36:36.692767+00,t,
46,مراغه,1,2024-09-04 06:36:36.692767+00,t,
47,مرند,1,2024-09-04 06:36:36.692767+00,t,
48,ملکان,1,2024-09-04 06:36:36.692767+00,t,
49,ملک کیان,1,2024-09-04 06:36:36.692767+00,t,
50,ممقان,1,2024-09-04 06:36:36.692767+00,t,
51,مهربان,1,2024-09-04 06:36:36.692767+00,t,
52,میانه,1,2024-09-04 06:36:36.692767+00,t,
53,نظرکهریزی,1,2024-09-04 06:36:36.692767+00,t,
54,هادی شهر,1,2024-09-04 06:36:36.692767+00,t,
55,هرگلان,1,2024-09-04 06:36:36.692767+00,t,
56,هریس,1,2024-09-04 06:36:36.692767+00,t,
57,هشترود,1,2024-09-04 06:36:36.692767+00,t,
58,هوراند,1,2024-09-04 06:36:36.692767+00,t,
59,وایقان,1,2024-09-04 06:36:36.692767+00,t,
60,ورزقان,1,2024-09-04 06:36:36.692767+00,t,
61,یامچی,1,2024-09-04 06:36:36.692767+00,t,
62,ارومیه,2,2024-09-04 12:24:58.174661+00,t,
63,اشنویه,2,2024-09-04 12:24:58.174661+00,t,
64,ایواوغلی,2,2024-09-04 12:24:58.174661+00,t,
65,آواجیق,2,2024-09-04 12:24:58.174661+00,t,
66,باروق,2,2024-09-04 12:24:58.174661+00,t,
67,بازرگان,2,2024-09-04 12:24:58.174661+00,t,
68,بوکان,2,2024-09-04 12:24:58.174661+00,t,
69,پلدشت,2,2024-09-04 12:24:58.174661+00,t,
70,پیرانشهر,2,2024-09-04 12:24:58.174661+00,t,
71,تازه شهر,2,2024-09-04 12:24:58.174661+00,t,
72,تکاب,2,2024-09-04 12:24:58.174661+00,t,
73,چهاربرج,2,2024-09-04 12:24:58.174661+00,t,
74,خوی,2,2024-09-04 12:24:58.174661+00,t,
75,دیزج دیز,2,2024-09-04 12:24:58.174661+00,t,
76,ربط,2,2024-09-04 12:24:58.174661+00,t,
77,سردشت,2,2024-09-04 12:24:58.174661+00,t,
78,سرو,2,2024-09-04 12:24:58.174661+00,t,
79,سلماس,2,2024-09-04 12:24:58.174661+00,t,
80,سیلوانه,2,2024-09-04 12:24:58.174661+00,t,
81,سیمینه,2,2024-09-04 12:24:58.174661+00,t,
82,سیه چشمه,2,2024-09-04 12:24:58.174661+00,t,
83,شاهین دژ,2,2024-09-04 12:24:58.174661+00,t,
84,شوط,2,2024-09-04 12:24:58.174661+00,t,
85,فیرورق,2,2024-09-04 12:24:58.174661+00,t,
86,قره ضیاءالدین,2,2024-09-04 12:24:58.174661+00,t,
87,قطور,2,2024-09-04 12:24:58.174661+00,t,
88,قوشچی,2,2024-09-04 12:24:58.174661+00,t,
89,کشاورز,2,2024-09-04 12:24:58.174661+00,t,
90,گردکشانه,2,2024-09-04 12:24:58.174661+00,t,
91,ماکو,2,2024-09-04 12:24:58.174661+00,t,
92,محمدیار,2,2024-09-04 12:24:58.174661+00,t,
93,محمودآباد,2,2024-09-04 12:24:58.174661+00,t,
94,مهاباد,2,2024-09-04 12:24:58.174661+00,t,
95,میاندوآب,2,2024-09-04 12:24:58.174661+00,t,
96,میرآباد,2,2024-09-04 12:24:58.174661+00,t,
97,نالوس,2,2024-09-04 12:24:58.174661+00,t,
98,نقده,2,2024-09-04 12:24:58.174661+00,t,
99,نوشین,2,2024-09-04 12:24:58.174661+00,t,
100,اردبیل,3,2024-09-04 12:27:33.1942+00,t,
101,اصلاندوز,3,2024-09-04 12:27:33.1942+00,t,
102,آبی بیگلو,3,2024-09-04 12:27:33.1942+00,t,
103,بیله سوار,3,2024-09-04 12:27:33.1942+00,t,
104,پارس آباد,3,2024-09-04 12:27:33.1942+00,t,
105,تازه کند,3,2024-09-04 12:27:33.1942+00,t,
106,تازه کندانگوت,3,2024-09-04 12:27:33.1942+00,t,
107,جعفرآباد,3,2024-09-04 12:27:33.1942+00,t,
108,خلخال,3,2024-09-04 12:27:33.1942+00,t,
109,رضی,3,2024-09-04 12:27:33.1942+00,t,
110,سرعین,3,2024-09-04 12:27:33.1942+00,t,
111,عنبران,3,2024-09-04 12:27:33.1942+00,t,
112,فخرآباد,3,2024-09-04 12:27:33.1942+00,t,
113,کلور,3,2024-09-04 12:27:33.1942+00,t,
114,کوراییم,3,2024-09-04 12:27:33.1942+00,t,
115,گرمی,3,2024-09-04 12:27:33.1942+00,t,
116,گیوی,3,2024-09-04 12:27:33.1942+00,t,
117,لاهرود,3,2024-09-04 12:27:33.1942+00,t,
118,مشگین شهر,3,2024-09-04 12:27:33.1942+00,t,
119,نمین,3,2024-09-04 12:27:33.1942+00,t,
120,نیر,3,2024-09-04 12:27:33.1942+00,t,
121,هشتجین,3,2024-09-04 12:27:33.1942+00,t,
122,هیر,3,2024-09-04 12:27:33.1942+00,t,
123,ابریشم,4,2024-09-04 12:27:41.235093+00,t,
124,ابوزیدآباد,4,2024-09-04 12:27:41.235093+00,t,
125,اردستان,4,2024-09-04 12:27:41.235093+00,t,
126,اژیه,4,2024-09-04 12:27:41.235093+00,t,
127,اصفهان,4,2024-09-04 12:27:41.235093+00,t,
128,افوس,4,2024-09-04 12:27:41.235093+00,t,
129,انارک,4,2024-09-04 12:27:41.235093+00,t,
130,ایمانشهر,4,2024-09-04 12:27:41.235093+00,t,
131,آران وبیدگل,4,2024-09-04 12:27:41.235093+00,t,
132,بادرود,4,2024-09-04 12:27:41.235093+00,t,
133,باغ بهادران,4,2024-09-04 12:27:41.235093+00,t,
134,بافران,4,2024-09-04 12:27:41.235093+00,t,
135,برزک,4,2024-09-04 12:27:41.235093+00,t,
136,برف انبار,4,2024-09-04 12:27:41.235093+00,t,
137,بهاران شهر,4,2024-09-04 12:27:41.235093+00,t,
138,بهارستان,4,2024-09-04 12:27:41.235093+00,t,
139,بوئین و میاندشت,4,2024-09-04 12:27:41.235093+00,t,
140,پیربکران,4,2024-09-04 12:27:41.235093+00,t,
141,تودشک,4,2024-09-04 12:27:41.235093+00,t,
142,تیران,4,2024-09-04 12:27:41.235093+00,t,
143,جندق,4,2024-09-04 12:27:41.235093+00,t,
144,جوزدان,4,2024-09-04 12:27:41.235093+00,t,
145,جوشقان و کامو,4,2024-09-04 12:27:41.235093+00,t,
146,چادگان,4,2024-09-04 12:27:41.235093+00,t,
147,چرمهین,4,2024-09-04 12:27:41.235093+00,t,
148,چمگردان,4,2024-09-04 12:27:41.235093+00,t,
149,حبیب آباد,4,2024-09-04 12:27:41.235093+00,t,
150,حسن آباد,4,2024-09-04 12:27:41.235093+00,t,
151,حنا,4,2024-09-04 12:27:41.235093+00,t,
152,خالدآباد,4,2024-09-04 12:27:41.235093+00,t,
153,خمینی شهر,4,2024-09-04 12:27:41.235093+00,t,
154,خوانسار,4,2024-09-04 12:27:41.235093+00,t,
155,خور,4,2024-09-04 12:27:41.235093+00,t,
156,خورزوق,4,2024-09-04 12:27:41.235093+00,t,
157,داران,4,2024-09-04 12:27:41.235093+00,t,
158,دامنه,4,2024-09-04 12:27:41.235093+00,t,
159,درچه,4,2024-09-04 12:27:41.235093+00,t,
160,دستگرد,4,2024-09-04 12:27:41.235093+00,t,
161,دهاقان,4,2024-09-04 12:27:41.235093+00,t,
162,دهق,4,2024-09-04 12:27:41.235093+00,t,
163,دولت آباد,4,2024-09-04 12:27:41.235093+00,t,
164,دیزیچه,4,2024-09-04 12:27:41.235093+00,t,
165,رزوه,4,2024-09-04 12:27:41.235093+00,t,
166,رضوانشهر,4,2024-09-04 12:27:41.235093+00,t,
167,زاینده رود,4,2024-09-04 12:27:41.235093+00,t,
168,زرین شهر,4,2024-09-04 12:27:41.235093+00,t,
169,زواره,4,2024-09-04 12:27:41.235093+00,t,
170,زیباشهر,4,2024-09-04 12:27:41.235093+00,t,
171,سده لنجان,4,2024-09-04 12:27:41.235093+00,t,
172,سفیدشهر,4,2024-09-04 12:27:41.235093+00,t,
173,سگزی,4,2024-09-04 12:27:41.235093+00,t,
174,سمیرم,4,2024-09-04 12:27:41.235093+00,t,
175,شاهین شهر,4,2024-09-04 12:27:41.235093+00,t,
176,شهرضا,4,2024-09-04 12:27:41.235093+00,t,
177,طالخونچه,4,2024-09-04 12:27:41.235093+00,t,
178,عسگران,4,2024-09-04 12:27:41.235093+00,t,
179,علویجه,4,2024-09-04 12:27:41.235093+00,t,
180,فرخی,4,2024-09-04 12:27:41.235093+00,t,
181,فریدونشهر,4,2024-09-04 12:27:41.235093+00,t,
182,فلاورجان,4,2024-09-04 12:27:41.235093+00,t,
183,فولادشهر,4,2024-09-04 12:27:41.235093+00,t,
184,قمصر,4,2024-09-04 12:27:41.235093+00,t,
185,قهجاورستان,4,2024-09-04 12:27:41.235093+00,t,
186,قهدریجان,4,2024-09-04 12:27:41.235093+00,t,
187,کاشان,4,2024-09-04 12:27:41.235093+00,t,
188,کرکوند,4,2024-09-04 12:27:41.235093+00,t,
189,کلیشاد و سودرجان,4,2024-09-04 12:27:41.235093+00,t,
190,کمشچه,4,2024-09-04 12:27:41.235093+00,t,
191,کمه,4,2024-09-04 12:27:41.235093+00,t,
192,کهریزسنگ,4,2024-09-04 12:27:41.235093+00,t,
193,کوشک,4,2024-09-04 12:27:41.235093+00,t,
194,کوهپایه,4,2024-09-04 12:27:41.235093+00,t,
195,گرگاب,4,2024-09-04 12:27:41.235093+00,t,
196,گزبرخوار,4,2024-09-04 12:27:41.235093+00,t,
197,گلپایگان,4,2024-09-04 12:27:41.235093+00,t,
198,گلدشت,4,2024-09-04 12:27:41.235093+00,t,
199,گلشهر,4,2024-09-04 12:27:41.235093+00,t,
200,گوگد,4,2024-09-04 12:27:41.235093+00,t,
201,لای بید,4,2024-09-04 12:27:41.235093+00,t,
202,مبارکه,4,2024-09-04 12:27:41.235093+00,t,
203,مجلسی,4,2024-09-04 12:27:41.235093+00,t,
204,محمدآباد,4,2024-09-04 12:27:41.235093+00,t,
205,مشکات,4,2024-09-04 12:27:41.235093+00,t,
206,منظریه,4,2024-09-04 12:27:41.235093+00,t,
207,مهاباد,4,2024-09-04 12:27:41.235093+00,t,
208,میمه,4,2024-09-04 12:27:41.235093+00,t,
209,نائین,4,2024-09-04 12:27:41.235093+00,t,
210,نجف آباد,4,2024-09-04 12:27:41.235093+00,t,
211,نصرآباد,4,2024-09-04 12:27:41.235093+00,t,
212,نطنز,4,2024-09-04 12:27:41.235093+00,t,
213,نوش آباد,4,2024-09-04 12:27:41.235093+00,t,
214,نیاسر,4,2024-09-04 12:27:41.235093+00,t,
215,نیک آباد,4,2024-09-04 12:27:41.235093+00,t,
216,هرند,4,2024-09-04 12:27:41.235093+00,t,
217,ورزنه,4,2024-09-04 12:27:41.235093+00,t,
218,ورنامخواست,4,2024-09-04 12:27:41.235093+00,t,
219,وزوان,4,2024-09-04 12:27:41.235093+00,t,
220,ونک,4,2024-09-04 12:27:41.235093+00,t,
221,اسارا,5,2024-09-04 12:27:47.945382+00,t,
222,اشتهارد,5,2024-09-04 12:27:47.945382+00,t,
223,تنکمان,5,2024-09-04 12:27:47.945382+00,t,
224,چهارباغ,5,2024-09-04 12:27:47.945382+00,t,
225,سعید آباد,5,2024-09-04 12:27:47.945382+00,t,
226,شهر جدید هشتگرد,5,2024-09-04 12:27:47.945382+00,t,
227,طالقان,5,2024-09-04 12:27:47.945382+00,t,
228,کرج,5,2024-09-04 12:27:47.945382+00,t,
229,کمال شهر,5,2024-09-04 12:27:47.945382+00,t,
230,کوهسار,5,2024-09-04 12:27:47.945382+00,t,
231,گرمدره,5,2024-09-04 12:27:47.945382+00,t,
232,ماهدشت,5,2024-09-04 12:27:47.945382+00,t,
233,محمدشهر,5,2024-09-04 12:27:47.945382+00,t,
234,مشکین دشت,5,2024-09-04 12:27:47.945382+00,t,
235,نظرآباد,5,2024-09-04 12:27:47.945382+00,t,
236,هشتگرد,5,2024-09-04 12:27:47.945382+00,t,
237,فردیس,5,2024-09-04 12:27:47.945382+00,t,
238,مارلیک,5,2024-09-04 12:27:47.945382+00,t,
239,کردان,5,2024-09-04 12:27:47.945382+00,t,
240,ساوجبلاغ,5,2024-09-04 12:27:47.945382+00,t,
241,تهران دشت,5,2024-09-04 12:27:47.945382+00,t,
242,ارکواز,6,2024-09-04 12:27:54.694797+00,t,
243,ایلام,6,2024-09-04 12:27:54.694797+00,t,
244,ایوان,6,2024-09-04 12:27:54.694797+00,t,
245,آبدانان,6,2024-09-04 12:27:54.694797+00,t,
246,آسمان آباد,6,2024-09-04 12:27:54.694797+00,t,
247,بدره,6,2024-09-04 12:27:54.694797+00,t,
248,پهله,6,2024-09-04 12:27:54.694797+00,t,
249,توحید,6,2024-09-04 12:27:54.694797+00,t,
250,چوار,6,2024-09-04 12:27:54.694797+00,t,
251,دره شهر,6,2024-09-04 12:27:54.694797+00,t,
252,دلگشا,6,2024-09-04 12:27:54.694797+00,t,
253,دهلران,6,2024-09-04 12:27:54.694797+00,t,
254,زرنه,6,2024-09-04 12:27:54.694797+00,t,
255,سراب باغ,6,2024-09-04 12:27:54.694797+00,t,
256,سرابله,6,2024-09-04 12:27:54.694797+00,t,
257,صالح آباد,6,2024-09-04 12:27:54.694797+00,t,
258,لومار,6,2024-09-04 12:27:54.694797+00,t,
259,مهران,6,2024-09-04 12:27:54.694797+00,t,
260,مورموری,6,2024-09-04 12:27:54.694797+00,t,
261,موسیان,6,2024-09-04 12:27:54.694797+00,t,
262,میمه,6,2024-09-04 12:27:54.694797+00,t,
263,امام حسن,7,2024-09-04 12:28:06.187965+00,t,
264,انارستان,7,2024-09-04 12:28:06.187965+00,t,
265,اهرم,7,2024-09-04 12:28:06.187965+00,t,
266,آب پخش,7,2024-09-04 12:28:06.187965+00,t,
267,آبدان,7,2024-09-04 12:28:06.187965+00,t,
268,برازجان,7,2024-09-04 12:28:06.187965+00,t,
269,بردخون,7,2024-09-04 12:28:06.187965+00,t,
270,بندردیر,7,2024-09-04 12:28:06.187965+00,t,
271,بندردیلم,7,2024-09-04 12:28:06.187965+00,t,
272,بندرریگ,7,2024-09-04 12:28:06.187965+00,t,
273,بندرکنگان,7,2024-09-04 12:28:06.187965+00,t,
274,بندرگناوه,7,2024-09-04 12:28:06.187965+00,t,
275,بنک,7,2024-09-04 12:28:06.187965+00,t,
276,بوشهر,7,2024-09-04 12:28:06.187965+00,t,
277,تنگ ارم,7,2024-09-04 12:28:06.187965+00,t,
278,جم,7,2024-09-04 12:28:06.187965+00,t,
279,چغادک,7,2024-09-04 12:28:06.187965+00,t,
280,خارک,7,2024-09-04 12:28:06.187965+00,t,
281,خورموج,7,2024-09-04 12:28:06.187965+00,t,
282,دالکی,7,2024-09-04 12:28:06.187965+00,t,
283,دلوار,7,2024-09-04 12:28:06.187965+00,t,
284,ریز,7,2024-09-04 12:28:06.187965+00,t,
285,سعدآباد,7,2024-09-04 12:28:06.187965+00,t,
286,سیراف,7,2024-09-04 12:28:06.187965+00,t,
287,شبانکاره,7,2024-09-04 12:28:06.187965+00,t,
288,شنبه,7,2024-09-04 12:28:06.187965+00,t,
289,عسلویه,7,2024-09-04 12:28:06.187965+00,t,
290,کاکی,7,2024-09-04 12:28:06.187965+00,t,
291,کلمه,7,2024-09-04 12:28:06.187965+00,t,
292,نخل تقی,7,2024-09-04 12:28:06.187965+00,t,
293,وحدتیه,7,2024-09-04 12:28:06.187965+00,t,
294,ارجمند,8,2024-09-04 12:28:13.107843+00,t,
295,اسلامشهر,8,2024-09-04 12:28:13.107843+00,t,
296,اندیشه,8,2024-09-04 12:28:13.107843+00,t,
297,آبسرد,8,2024-09-04 12:28:13.107843+00,t,
298,آبعلی,8,2024-09-04 12:28:13.107843+00,t,
299,باغستان,8,2024-09-04 12:28:13.107843+00,t,
300,باقرشهر,8,2024-09-04 12:28:13.107843+00,t,
301,بومهن,8,2024-09-04 12:28:13.107843+00,t,
302,پاکدشت,8,2024-09-04 12:28:13.107843+00,t,
303,پردیس,8,2024-09-04 12:28:13.107843+00,t,
304,پیشوا,8,2024-09-04 12:28:13.107843+00,t,
305,تهران,8,2024-09-04 12:28:13.107843+00,t,
306,جوادآباد,8,2024-09-04 12:28:13.107843+00,t,
307,چهاردانگه,8,2024-09-04 12:28:13.107843+00,t,
308,حسن آباد,8,2024-09-04 12:28:13.107843+00,t,
309,دماوند,8,2024-09-04 12:28:13.107843+00,t,
310,دیزین,8,2024-09-04 12:28:13.107843+00,t,
311,شهر ری,8,2024-09-04 12:28:13.107843+00,t,
312,رباط کریم,8,2024-09-04 12:28:13.107843+00,t,
313,رودهن,8,2024-09-04 12:28:13.107843+00,t,
314,شاهدشهر,8,2024-09-04 12:28:13.107843+00,t,
315,شریف آباد,8,2024-09-04 12:28:13.107843+00,t,
316,شمشک,8,2024-09-04 12:28:13.107843+00,t,
317,شهریار,8,2024-09-04 12:28:13.107843+00,t,
318,صالح آباد,8,2024-09-04 12:28:13.107843+00,t,
319,صباشهر,8,2024-09-04 12:28:13.107843+00,t,
320,صفادشت,8,2024-09-04 12:28:13.107843+00,t,
321,فردوسیه,8,2024-09-04 12:28:13.107843+00,t,
322,فشم,8,2024-09-04 12:28:13.107843+00,t,
323,فیروزکوه,8,2024-09-04 12:28:13.107843+00,t,
324,قدس,8,2024-09-04 12:28:13.107843+00,t,
325,قرچک,8,2024-09-04 12:28:13.107843+00,t,
326,کهریزک,8,2024-09-04 12:28:13.107843+00,t,
327,کیلان,8,2024-09-04 12:28:13.107843+00,t,
328,گلستان,8,2024-09-04 12:28:13.107843+00,t,
329,لواسان,8,2024-09-04 12:28:13.107843+00,t,
330,ملارد,8,2024-09-04 12:28:13.107843+00,t,
331,میگون,8,2024-09-04 12:28:13.107843+00,t,
332,نسیم شهر,8,2024-09-04 12:28:13.107843+00,t,
333,نصیرآباد,8,2024-09-04 12:28:13.107843+00,t,
334,وحیدیه,8,2024-09-04 12:28:13.107843+00,t,
335,ورامین,8,2024-09-04 12:28:13.107843+00,t,
336,پرند,8,2024-09-04 12:28:13.107843+00,t,
337,قیامدشت,8,2024-09-04 12:28:13.107843+00,t,
338,اردل,9,2024-09-04 12:28:20.953205+00,t,
339,آلونی,9,2024-09-04 12:28:20.953205+00,t,
340,باباحیدر,9,2024-09-04 12:28:20.953205+00,t,
341,بروجن,9,2024-09-04 12:28:20.953205+00,t,
342,بلداجی,9,2024-09-04 12:28:20.953205+00,t,
343,بن,9,2024-09-04 12:28:20.953205+00,t,
344,جونقان,9,2024-09-04 12:28:20.953205+00,t,
345,چلگرد,9,2024-09-04 12:28:20.953205+00,t,
346,سامان,9,2024-09-04 12:28:20.953205+00,t,
347,سفیددشت,9,2024-09-04 12:28:20.953205+00,t,
348,سودجان,9,2024-09-04 12:28:20.953205+00,t,
349,سورشجان,9,2024-09-04 12:28:20.953205+00,t,
350,شلمزار,9,2024-09-04 12:28:20.953205+00,t,
351,شهرکرد,9,2024-09-04 12:28:20.953205+00,t,
352,طاقانک,9,2024-09-04 12:28:20.953205+00,t,
353,فارسان,9,2024-09-04 12:28:20.953205+00,t,
354,فرادنبه,9,2024-09-04 12:28:20.953205+00,t,
355,فرخ شهر,9,2024-09-04 12:28:20.953205+00,t,
356,کیان,9,2024-09-04 12:28:20.953205+00,t,
357,گندمان,9,2024-09-04 12:28:20.953205+00,t,
358,گهرو,9,2024-09-04 12:28:20.953205+00,t,
359,لردگان,9,2024-09-04 12:28:20.953205+00,t,
360,مال خلیفه,9,2024-09-04 12:28:20.953205+00,t,
361,ناغان,9,2024-09-04 12:28:20.953205+00,t,
362,نافچ,9,2024-09-04 12:28:20.953205+00,t,
363,نقنه,9,2024-09-04 12:28:20.953205+00,t,
364,هفشجان,9,2024-09-04 12:28:20.953205+00,t,
365,ارسک,10,2024-09-04 12:29:27.413213+00,t,
366,اسدیه,10,2024-09-04 12:29:27.413213+00,t,
367,اسفدن,10,2024-09-04 12:29:27.413213+00,t,
368,اسلامیه,10,2024-09-04 12:29:27.413213+00,t,
369,آرین شهر,10,2024-09-04 12:29:27.413213+00,t,
370,آیسک,10,2024-09-04 12:29:27.413213+00,t,
371,بشرویه,10,2024-09-04 12:29:27.413213+00,t,
372,بیرجند,10,2024-09-04 12:29:27.413213+00,t,
373,حاجی آباد,10,2024-09-04 12:29:27.413213+00,t,
374,خضری دشت بیاض,10,2024-09-04 12:29:27.413213+00,t,
375,خوسف,10,2024-09-04 12:29:27.413213+00,t,
376,زهان,10,2024-09-04 12:29:27.413213+00,t,
377,سرایان,10,2024-09-04 12:29:27.413213+00,t,
378,سربیشه,10,2024-09-04 12:29:27.413213+00,t,
379,سه قلعه,10,2024-09-04 12:29:27.413213+00,t,
380,شوسف,10,2024-09-04 12:29:27.413213+00,t,
381,طبس,10,2024-09-04 12:29:27.413213+00,t,
382,فردوس,10,2024-09-04 12:29:27.413213+00,t,
383,قاین,10,2024-09-04 12:29:27.413213+00,t,
384,قهستان,10,2024-09-04 12:29:27.413213+00,t,
385,محمدشهر,10,2024-09-04 12:29:27.413213+00,t,
386,مود,10,2024-09-04 12:29:27.413213+00,t,
387,نهبندان,10,2024-09-04 12:29:27.413213+00,t,
388,نیمبلوک,10,2024-09-04 12:29:27.413213+00,t,
389,احمدآباد صولت,11,2024-09-04 12:29:33.095131+00,t,
390,انابد,11,2024-09-04 12:29:33.095131+00,t,
391,باجگیران,11,2024-09-04 12:29:33.095131+00,t,
392,باخرز,11,2024-09-04 12:29:33.095131+00,t,
393,بار,11,2024-09-04 12:29:33.095131+00,t,
394,بایگ,11,2024-09-04 12:29:33.095131+00,t,
395,بجستان,11,2024-09-04 12:29:33.095131+00,t,
396,بردسکن,11,2024-09-04 12:29:33.095131+00,t,
397,بیدخت,11,2024-09-04 12:29:33.095131+00,t,
398,تایباد,11,2024-09-04 12:29:33.095131+00,t,
399,تربت جام,11,2024-09-04 12:29:33.095131+00,t,
400,تربت حیدریه,11,2024-09-04 12:29:33.095131+00,t,
401,جغتای,11,2024-09-04 12:29:33.095131+00,t,
402,جنگل,11,2024-09-04 12:29:33.095131+00,t,
403,چاپشلو,11,2024-09-04 12:29:33.095131+00,t,
404,چکنه,11,2024-09-04 12:29:33.095131+00,t,
405,چناران,11,2024-09-04 12:29:33.095131+00,t,
406,خرو,11,2024-09-04 12:29:33.095131+00,t,
407,خلیل آباد,11,2024-09-04 12:29:33.095131+00,t,
408,خواف,11,2024-09-04 12:29:33.095131+00,t,
409,داورزن,11,2024-09-04 12:29:33.095131+00,t,
410,درگز,11,2024-09-04 12:29:33.095131+00,t,
411,در رود,11,2024-09-04 12:29:33.095131+00,t,
412,دولت آباد,11,2024-09-04 12:29:33.095131+00,t,
413,رباط سنگ,11,2024-09-04 12:29:33.095131+00,t,
414,رشتخوار,11,2024-09-04 12:29:33.095131+00,t,
415,رضویه,11,2024-09-04 12:29:33.095131+00,t,
416,روداب,11,2024-09-04 12:29:33.095131+00,t,
417,ریوش,11,2024-09-04 12:29:33.095131+00,t,
418,سبزوار,11,2024-09-04 12:29:33.095131+00,t,
419,سرخس,11,2024-09-04 12:29:33.095131+00,t,
420,سفیدسنگ,11,2024-09-04 12:29:33.095131+00,t,
421,سلامی,11,2024-09-04 12:29:33.095131+00,t,
422,سلطان آباد,11,2024-09-04 12:29:33.095131+00,t,
423,سنگان,11,2024-09-04 12:29:33.095131+00,t,
424,شادمهر,11,2024-09-04 12:29:33.095131+00,t,
425,شاندیز,11,2024-09-04 12:29:33.095131+00,t,
426,ششتمد,11,2024-09-04 12:29:33.095131+00,t,
427,شهرآباد,11,2024-09-04 12:29:33.095131+00,t,
428,شهرزو,11,2024-09-04 12:29:33.095131+00,t,
429,صالح آباد,11,2024-09-04 12:29:33.095131+00,t,
430,طرقبه,11,2024-09-04 12:29:33.095131+00,t,
431,عشق آباد,11,2024-09-04 12:29:33.095131+00,t,
432,فرهادگرد,11,2024-09-04 12:29:33.095131+00,t,
433,فریمان,11,2024-09-04 12:29:33.095131+00,t,
434,فیروزه,11,2024-09-04 12:29:33.095131+00,t,
435,فیض آباد,11,2024-09-04 12:29:33.095131+00,t,
436,قاسم آباد,11,2024-09-04 12:29:33.095131+00,t,
437,قدمگاه,11,2024-09-04 12:29:33.095131+00,t,
438,قلندرآباد,11,2024-09-04 12:29:33.095131+00,t,
439,قوچان,11,2024-09-04 12:29:33.095131+00,t,
440,کاخک,11,2024-09-04 12:29:33.095131+00,t,
441,کاریز,11,2024-09-04 12:29:33.095131+00,t,
442,کاشمر,11,2024-09-04 12:29:33.095131+00,t,
443,کدکن,11,2024-09-04 12:29:33.095131+00,t,
444,کلات,11,2024-09-04 12:29:33.095131+00,t,
445,کندر,11,2024-09-04 12:29:33.095131+00,t,
446,گلمکان,11,2024-09-04 12:29:33.095131+00,t,
447,گناباد,11,2024-09-04 12:29:33.095131+00,t,
448,لطف آباد,11,2024-09-04 12:29:33.095131+00,t,
449,مزدآوند,11,2024-09-04 12:29:33.095131+00,t,
450,مشهد,11,2024-09-04 12:29:33.095131+00,t,
451,ملک آباد,11,2024-09-04 12:29:33.095131+00,t,
452,نشتیفان,11,2024-09-04 12:29:33.095131+00,t,
453,نصرآباد,11,2024-09-04 12:29:33.095131+00,t,
454,نقاب,11,2024-09-04 12:29:33.095131+00,t,
455,نوخندان,11,2024-09-04 12:29:33.095131+00,t,
456,نیشابور,11,2024-09-04 12:29:33.095131+00,t,
457,نیل شهر,11,2024-09-04 12:29:33.095131+00,t,
458,همت آباد,11,2024-09-04 12:29:33.095131+00,t,
459,یونسی,11,2024-09-04 12:29:33.095131+00,t,
460,گلبهار,11,2024-09-04 12:29:33.095131+00,t,
461,بینالود,11,2024-09-04 12:29:33.095131+00,t,
462,اسفراین,12,2024-09-04 12:29:38.302847+00,t,
463,ایور,12,2024-09-04 12:29:38.302847+00,t,
464,آشخانه,12,2024-09-04 12:29:38.302847+00,t,
465,بجنورد,12,2024-09-04 12:29:38.302847+00,t,
466,پیش قلعه,12,2024-09-04 12:29:38.302847+00,t,
467,تیتکانلو,12,2024-09-04 12:29:38.302847+00,t,
468,جاجرم,12,2024-09-04 12:29:38.302847+00,t,
469,حصارگرمخان,12,2024-09-04 12:29:38.302847+00,t,
470,درق,12,2024-09-04 12:29:38.302847+00,t,
471,راز,12,2024-09-04 12:29:38.302847+00,t,
472,سنخواست,12,2024-09-04 12:29:38.302847+00,t,
473,شوقان,12,2024-09-04 12:29:38.302847+00,t,
474,شیروان,12,2024-09-04 12:29:38.302847+00,t,
475,صفی آباد,12,2024-09-04 12:29:38.302847+00,t,
476,فاروج,12,2024-09-04 12:29:38.302847+00,t,
477,قاضی,12,2024-09-04 12:29:38.302847+00,t,
478,گرمه,12,2024-09-04 12:29:38.302847+00,t,
479,لوجلی,12,2024-09-04 12:29:38.302847+00,t,
480,اروندکنار,13,2024-09-04 12:29:44.511336+00,t,
481,الوان,13,2024-09-04 12:29:44.511336+00,t,
482,امیدیه,13,2024-09-04 12:29:44.511336+00,t,
483,اندیمشک,13,2024-09-04 12:29:44.511336+00,t,
484,اهواز,13,2024-09-04 12:29:44.511336+00,t,
485,ایذه,13,2024-09-04 12:29:44.511336+00,t,
486,آبادان,13,2024-09-04 12:29:44.511336+00,t,
487,آغاجاری,13,2024-09-04 12:29:44.511336+00,t,
488,باغ ملک,13,2024-09-04 12:29:44.511336+00,t,
489,بستان,13,2024-09-04 12:29:44.511336+00,t,
490,بندرامام خمینی,13,2024-09-04 12:29:44.511336+00,t,
491,بندرماهشهر,13,2024-09-04 12:29:44.511336+00,t,
492,بهبهان,13,2024-09-04 12:29:44.511336+00,t,
493,ترکالکی,13,2024-09-04 12:29:44.511336+00,t,
494,جایزان,13,2024-09-04 12:29:44.511336+00,t,
495,چمران,13,2024-09-04 12:29:44.511336+00,t,
496,چویبده,13,2024-09-04 12:29:44.511336+00,t,
497,حر,13,2024-09-04 12:29:44.511336+00,t,
498,حسینیه,13,2024-09-04 12:29:44.511336+00,t,
499,حمزه,13,2024-09-04 12:29:44.511336+00,t,
500,حمیدیه,13,2024-09-04 12:29:44.511336+00,t,
501,خرمشهر,13,2024-09-04 12:29:44.511336+00,t,
502,دارخوین,13,2024-09-04 12:29:44.511336+00,t,
503,دزآب,13,2024-09-04 12:29:44.511336+00,t,
504,دزفول,13,2024-09-04 12:29:44.511336+00,t,
505,دهدز,13,2024-09-04 12:29:44.511336+00,t,
506,رامشیر,13,2024-09-04 12:29:44.511336+00,t,
507,رامهرمز,13,2024-09-04 12:29:44.511336+00,t,
508,رفیع,13,2024-09-04 12:29:44.511336+00,t,
509,زهره,13,2024-09-04 12:29:44.511336+00,t,
510,سالند,13,2024-09-04 12:29:44.511336+00,t,
511,سردشت,13,2024-09-04 12:29:44.511336+00,t,
512,سوسنگرد,13,2024-09-04 12:29:44.511336+00,t,
513,شادگان,13,2024-09-04 12:29:44.511336+00,t,
514,شاوور,13,2024-09-04 12:29:44.511336+00,t,
515,شرافت,13,2024-09-04 12:29:44.511336+00,t,
516,شوش,13,2024-09-04 12:29:44.511336+00,t,
517,شوشتر,13,2024-09-04 12:29:44.511336+00,t,
518,شیبان,13,2024-09-04 12:29:44.511336+00,t,
519,صالح شهر,13,2024-09-04 12:29:44.511336+00,t,
520,صفی آباد,13,2024-09-04 12:29:44.511336+00,t,
521,صیدون,13,2024-09-04 12:29:44.511336+00,t,
522,قلعه تل,13,2024-09-04 12:29:44.511336+00,t,
523,قلعه خواجه,13,2024-09-04 12:29:44.511336+00,t,
524,گتوند,13,2024-09-04 12:29:44.511336+00,t,
525,لالی,13,2024-09-04 12:29:44.511336+00,t,
526,مسجدسلیمان,13,2024-09-04 12:29:44.511336+00,t,
527,ملاثانی,13,2024-09-04 12:29:44.511336+00,t,
528,میانرود,13,2024-09-04 12:29:44.511336+00,t,
529,مینوشهر,13,2024-09-04 12:29:44.511336+00,t,
530,هفتگل,13,2024-09-04 12:29:44.511336+00,t,
531,هندیجان,13,2024-09-04 12:29:44.511336+00,t,
532,هویزه,13,2024-09-04 12:29:44.511336+00,t,
533,ویس,13,2024-09-04 12:29:44.511336+00,t,
534,ابهر,14,2024-09-04 12:29:50.19449+00,t,
535,ارمغان خانه,14,2024-09-04 12:29:50.19449+00,t,
536,آب بر,14,2024-09-04 12:29:50.19449+00,t,
537,چورزق,14,2024-09-04 12:29:50.19449+00,t,
538,حلب,14,2024-09-04 12:29:50.19449+00,t,
539,خرمدره,14,2024-09-04 12:29:50.19449+00,t,
540,دندی,14,2024-09-04 12:29:50.19449+00,t,
541,زرین آباد,14,2024-09-04 12:29:50.19449+00,t,
542,زرین رود,14,2024-09-04 12:29:50.19449+00,t,
543,زنجان,14,2024-09-04 12:29:50.19449+00,t,
544,سجاس,14,2024-09-04 12:29:50.19449+00,t,
545,سلطانیه,14,2024-09-04 12:29:50.19449+00,t,
546,سهرورد,14,2024-09-04 12:29:50.19449+00,t,
547,صائین قلعه,14,2024-09-04 12:29:50.19449+00,t,
548,قیدار,14,2024-09-04 12:29:50.19449+00,t,
549,گرماب,14,2024-09-04 12:29:50.19449+00,t,
550,ماه نشان,14,2024-09-04 12:29:50.19449+00,t,
551,هیدج,14,2024-09-04 12:29:50.19449+00,t,
552,امیریه,15,2024-09-04 12:29:57.563816+00,t,
553,ایوانکی,15,2024-09-04 12:29:57.563816+00,t,
554,آرادان,15,2024-09-04 12:29:57.563816+00,t,
555,بسطام,15,2024-09-04 12:29:57.563816+00,t,
556,بیارجمند,15,2024-09-04 12:29:57.563816+00,t,
557,دامغان,15,2024-09-04 12:29:57.563816+00,t,
558,درجزین,15,2024-09-04 12:29:57.563816+00,t,
559,دیباج,15,2024-09-04 12:29:57.563816+00,t,
560,سرخه,15,2024-09-04 12:29:57.563816+00,t,
561,سمنان,15,2024-09-04 12:29:57.563816+00,t,
562,شاهرود,15,2024-09-04 12:29:57.563816+00,t,
563,شهمیرزاد,15,2024-09-04 12:29:57.563816+00,t,
564,کلاته خیج,15,2024-09-04 12:29:57.563816+00,t,
565,گرمسار,15,2024-09-04 12:29:57.563816+00,t,
566,مجن,15,2024-09-04 12:29:57.563816+00,t,
567,مهدی شهر,15,2024-09-04 12:29:57.563816+00,t,
568,میامی,15,2024-09-04 12:29:57.563816+00,t,
569,ادیمی,16,2024-09-04 12:30:03.490568+00,t,
570,اسپکه,16,2024-09-04 12:30:03.490568+00,t,
571,ایرانشهر,16,2024-09-04 12:30:03.490568+00,t,
572,بزمان,16,2024-09-04 12:30:03.490568+00,t,
573,بمپور,16,2024-09-04 12:30:03.490568+00,t,
574,بنت,16,2024-09-04 12:30:03.490568+00,t,
575,بنجار,16,2024-09-04 12:30:03.490568+00,t,
576,پیشین,16,2024-09-04 12:30:03.490568+00,t,
577,جالق,16,2024-09-04 12:30:03.490568+00,t,
578,چابهار,16,2024-09-04 12:30:03.490568+00,t,
579,خاش,16,2024-09-04 12:30:03.490568+00,t,
580,دوست محمد,16,2024-09-04 12:30:03.490568+00,t,
581,راسک,16,2024-09-04 12:30:03.490568+00,t,
582,زابل,16,2024-09-04 12:30:03.490568+00,t,
583,زابلی,16,2024-09-04 12:30:03.490568+00,t,
584,زاهدان,16,2024-09-04 12:30:03.490568+00,t,
585,زهک,16,2024-09-04 12:30:03.490568+00,t,
586,سراوان,16,2024-09-04 12:30:03.490568+00,t,
587,سرباز,16,2024-09-04 12:30:03.490568+00,t,
588,سوران,16,2024-09-04 12:30:03.490568+00,t,
589,سیرکان,16,2024-09-04 12:30:03.490568+00,t,
590,علی اکبر,16,2024-09-04 12:30:03.490568+00,t,
591,فنوج,16,2024-09-04 12:30:03.490568+00,t,
592,قصرقند,16,2024-09-04 12:30:03.490568+00,t,
593,کنارک,16,2024-09-04 12:30:03.490568+00,t,
594,گشت,16,2024-09-04 12:30:03.490568+00,t,
595,گلمورتی,16,2024-09-04 12:30:03.490568+00,t,
596,محمدان,16,2024-09-04 12:30:03.490568+00,t,
597,محمدآباد,16,2024-09-04 12:30:03.490568+00,t,
598,محمدی,16,2024-09-04 12:30:03.490568+00,t,
599,میرجاوه,16,2024-09-04 12:30:03.490568+00,t,
600,نصرت آباد,16,2024-09-04 12:30:03.490568+00,t,
601,نگور,16,2024-09-04 12:30:03.490568+00,t,
602,نوک آباد,16,2024-09-04 12:30:03.490568+00,t,
603,نیک شهر,16,2024-09-04 12:30:03.490568+00,t,
604,هیدوچ,16,2024-09-04 12:30:03.490568+00,t,
605,اردکان,17,2024-09-04 12:30:11.801487+00,t,
606,ارسنجان,17,2024-09-04 12:30:11.801487+00,t,
607,استهبان,17,2024-09-04 12:30:11.801487+00,t,
608,اشکنان,17,2024-09-04 12:30:11.801487+00,t,
609,افزر,17,2024-09-04 12:30:11.801487+00,t,
610,اقلید,17,2024-09-04 12:30:11.801487+00,t,
611,امام شهر,17,2024-09-04 12:30:11.801487+00,t,
612,اهل,17,2024-09-04 12:30:11.801487+00,t,
613,اوز,17,2024-09-04 12:30:11.801487+00,t,
614,ایج,17,2024-09-04 12:30:11.801487+00,t,
615,ایزدخواست,17,2024-09-04 12:30:11.801487+00,t,
616,آباده,17,2024-09-04 12:30:11.801487+00,t,
617,آباده طشک,17,2024-09-04 12:30:11.801487+00,t,
618,باب انار,17,2024-09-04 12:30:11.801487+00,t,
619,بالاده,17,2024-09-04 12:30:11.801487+00,t,
620,بنارویه,17,2024-09-04 12:30:11.801487+00,t,
621,بهمن,17,2024-09-04 12:30:11.801487+00,t,
622,بوانات,17,2024-09-04 12:30:11.801487+00,t,
623,بیرم,17,2024-09-04 12:30:11.801487+00,t,
624,بیضا,17,2024-09-04 12:30:11.801487+00,t,
625,جنت شهر,17,2024-09-04 12:30:11.801487+00,t,
626,جهرم,17,2024-09-04 12:30:11.801487+00,t,
627,جویم,17,2024-09-04 12:30:11.801487+00,t,
628,زرین دشت,17,2024-09-04 12:30:11.801487+00,t,
629,حسن آباد,17,2024-09-04 12:30:11.801487+00,t,
630,خان زنیان,17,2024-09-04 12:30:11.801487+00,t,
631,خاوران,17,2024-09-04 12:30:11.801487+00,t,
632,خرامه,17,2024-09-04 12:30:11.801487+00,t,
633,خشت,17,2024-09-04 12:30:11.801487+00,t,
634,خنج,17,2024-09-04 12:30:11.801487+00,t,
635,خور,17,2024-09-04 12:30:11.801487+00,t,
636,داراب,17,2024-09-04 12:30:11.801487+00,t,
637,داریان,17,2024-09-04 12:30:11.801487+00,t,
638,دبیران,17,2024-09-04 12:30:11.801487+00,t,
639,دژکرد,17,2024-09-04 12:30:11.801487+00,t,
640,دهرم,17,2024-09-04 12:30:11.801487+00,t,
641,دوبرجی,17,2024-09-04 12:30:11.801487+00,t,
642,رامجرد,17,2024-09-04 12:30:11.801487+00,t,
643,رونیز,17,2024-09-04 12:30:11.801487+00,t,
644,زاهدشهر,17,2024-09-04 12:30:11.801487+00,t,
645,زرقان,17,2024-09-04 12:30:11.801487+00,t,
646,سده,17,2024-09-04 12:30:11.801487+00,t,
647,سروستان,17,2024-09-04 12:30:11.801487+00,t,
648,سعادت شهر,17,2024-09-04 12:30:11.801487+00,t,
649,سورمق,17,2024-09-04 12:30:11.801487+00,t,
650,سیدان,17,2024-09-04 12:30:11.801487+00,t,
651,ششده,17,2024-09-04 12:30:11.801487+00,t,
652,شهرپیر,17,2024-09-04 12:30:11.801487+00,t,
653,شهرصدرا,17,2024-09-04 12:30:11.801487+00,t,
654,شیراز,17,2024-09-04 12:30:11.801487+00,t,
655,صغاد,17,2024-09-04 12:30:11.801487+00,t,
656,صفاشهر,17,2024-09-04 12:30:11.801487+00,t,
657,علامرودشت,17,2024-09-04 12:30:11.801487+00,t,
658,فدامی,17,2024-09-04 12:30:11.801487+00,t,
659,فراشبند,17,2024-09-04 12:30:11.801487+00,t,
660,فسا,17,2024-09-04 12:30:11.801487+00,t,
661,فیروزآباد,17,2024-09-04 12:30:11.801487+00,t,
662,قائمیه,17,2024-09-04 12:30:11.801487+00,t,
663,قادرآباد,17,2024-09-04 12:30:11.801487+00,t,
664,قطب آباد,17,2024-09-04 12:30:11.801487+00,t,
665,قطرویه,17,2024-09-04 12:30:11.801487+00,t,
666,قیر,17,2024-09-04 12:30:11.801487+00,t,
667,کارزین (فتح آباد),17,2024-09-04 12:30:11.801487+00,t,
668,کازرون,17,2024-09-04 12:30:11.801487+00,t,
669,کامفیروز,17,2024-09-04 12:30:11.801487+00,t,
670,کره ای,17,2024-09-04 12:30:11.801487+00,t,
671,کنارتخته,17,2024-09-04 12:30:11.801487+00,t,
672,کوار,17,2024-09-04 12:30:11.801487+00,t,
673,گراش,17,2024-09-04 12:30:11.801487+00,t,
674,گله دار,17,2024-09-04 12:30:11.801487+00,t,
675,لار,17,2024-09-04 12:30:11.801487+00,t,
676,لامرد,17,2024-09-04 12:30:11.801487+00,t,
677,لپویی,17,2024-09-04 12:30:11.801487+00,t,
678,لطیفی,17,2024-09-04 12:30:11.801487+00,t,
679,مبارک آباددیز,17,2024-09-04 12:30:11.801487+00,t,
680,مرودشت,17,2024-09-04 12:30:11.801487+00,t,
681,مشکان,17,2024-09-04 12:30:11.801487+00,t,
682,مصیری,17,2024-09-04 12:30:11.801487+00,t,
683,مهر,17,2024-09-04 12:30:11.801487+00,t,
684,میمند,17,2024-09-04 12:30:11.801487+00,t,
685,نوبندگان,17,2024-09-04 12:30:11.801487+00,t,
686,نوجین,17,2024-09-04 12:30:11.801487+00,t,
687,نودان,17,2024-09-04 12:30:11.801487+00,t,
688,نورآباد,17,2024-09-04 12:30:11.801487+00,t,
689,نی ریز,17,2024-09-04 12:30:11.801487+00,t,
690,وراوی,17,2024-09-04 12:30:11.801487+00,t,
691,ارداق,18,2024-09-04 12:30:18.310294+00,t,
692,اسفرورین,18,2024-09-04 12:30:18.310294+00,t,
693,اقبالیه,18,2024-09-04 12:30:18.310294+00,t,
694,الوند,18,2024-09-04 12:30:18.310294+00,t,
695,آبگرم,18,2024-09-04 12:30:18.310294+00,t,
696,آبیک,18,2024-09-04 12:30:18.310294+00,t,
697,آوج,18,2024-09-04 12:30:18.310294+00,t,
698,بوئین زهرا,18,2024-09-04 12:30:18.310294+00,t,
699,بیدستان,18,2024-09-04 12:30:18.310294+00,t,
700,تاکستان,18,2024-09-04 12:30:18.310294+00,t,
701,خاکعلی,18,2024-09-04 12:30:18.310294+00,t,
702,خرمدشت,18,2024-09-04 12:30:18.310294+00,t,
703,دانسفهان,18,2024-09-04 12:30:18.310294+00,t,
704,رازمیان,18,2024-09-04 12:30:18.310294+00,t,
705,سگزآباد,18,2024-09-04 12:30:18.310294+00,t,
706,سیردان,18,2024-09-04 12:30:18.310294+00,t,
707,شال,18,2024-09-04 12:30:18.310294+00,t,
708,شریفیه,18,2024-09-04 12:30:18.310294+00,t,
709,ضیاآباد,18,2024-09-04 12:30:18.310294+00,t,
710,قزوین,18,2024-09-04 12:30:18.310294+00,t,
711,کوهین,18,2024-09-04 12:30:18.310294+00,t,
712,محمدیه,18,2024-09-04 12:30:18.310294+00,t,
713,محمودآباد نمونه,18,2024-09-04 12:30:18.310294+00,t,
714,معلم کلایه,18,2024-09-04 12:30:18.310294+00,t,
715,نرجه,18,2024-09-04 12:30:18.310294+00,t,
716,جعفریه,19,2024-09-04 12:30:25.328739+00,t,
717,دستجرد,19,2024-09-04 12:30:25.328739+00,t,
718,سلفچگان,19,2024-09-04 12:30:25.328739+00,t,
719,قم,19,2024-09-04 12:30:25.328739+00,t,
720,قنوات,19,2024-09-04 12:30:25.328739+00,t,
721,کهک,19,2024-09-04 12:30:25.328739+00,t,
722,آرمرده,20,2024-09-04 12:30:35.550345+00,t,
723,بابارشانی,20,2024-09-04 12:30:35.550345+00,t,
724,بانه,20,2024-09-04 12:30:35.550345+00,t,
725,بلبان آباد,20,2024-09-04 12:30:35.550345+00,t,
726,بوئین سفلی,20,2024-09-04 12:30:35.550345+00,t,
727,بیجار,20,2024-09-04 12:30:35.550345+00,t,
728,چناره,20,2024-09-04 12:30:35.550345+00,t,
729,دزج,20,2024-09-04 12:30:35.550345+00,t,
730,دلبران,20,2024-09-04 12:30:35.550345+00,t,
731,دهگلان,20,2024-09-04 12:30:35.550345+00,t,
732,دیواندره,20,2024-09-04 12:30:35.550345+00,t,
733,زرینه,20,2024-09-04 12:30:35.550345+00,t,
734,سروآباد,20,2024-09-04 12:30:35.550345+00,t,
735,سریش آباد,20,2024-09-04 12:30:35.550345+00,t,
736,سقز,20,2024-09-04 12:30:35.550345+00,t,
737,سنندج,20,2024-09-04 12:30:35.550345+00,t,
738,شویشه,20,2024-09-04 12:30:35.550345+00,t,
739,صاحب,20,2024-09-04 12:30:35.550345+00,t,
740,قروه,20,2024-09-04 12:30:35.550345+00,t,
741,کامیاران,20,2024-09-04 12:30:35.550345+00,t,
742,کانی دینار,20,2024-09-04 12:30:35.550345+00,t,
743,کانی سور,20,2024-09-04 12:30:35.550345+00,t,
744,مریوان,20,2024-09-04 12:30:35.550345+00,t,
745,موچش,20,2024-09-04 12:30:35.550345+00,t,
746,یاسوکند,20,2024-09-04 12:30:35.550345+00,t,
747,اختیارآباد,21,2024-09-04 12:30:41.144005+00,t,
748,ارزوئیه,21,2024-09-04 12:30:41.144005+00,t,
749,امین شهر,21,2024-09-04 12:30:41.144005+00,t,
750,انار,21,2024-09-04 12:30:41.144005+00,t,
751,اندوهجرد,21,2024-09-04 12:30:41.144005+00,t,
752,باغین,21,2024-09-04 12:30:41.144005+00,t,
753,بافت,21,2024-09-04 12:30:41.144005+00,t,
754,بردسیر,21,2024-09-04 12:30:41.144005+00,t,
755,بروات,21,2024-09-04 12:30:41.144005+00,t,
756,بزنجان,21,2024-09-04 12:30:41.144005+00,t,
757,بم,21,2024-09-04 12:30:41.144005+00,t,
758,بهرمان,21,2024-09-04 12:30:41.144005+00,t,
759,پاریز,21,2024-09-04 12:30:41.144005+00,t,
760,جبالبارز,21,2024-09-04 12:30:41.144005+00,t,
761,جوپار,21,2024-09-04 12:30:41.144005+00,t,
762,جوزم,21,2024-09-04 12:30:41.144005+00,t,
763,جیرفت,21,2024-09-04 12:30:41.144005+00,t,
764,چترود,21,2024-09-04 12:30:41.144005+00,t,
765,خاتون آباد,21,2024-09-04 12:30:41.144005+00,t,
766,خانوک,21,2024-09-04 12:30:41.144005+00,t,
767,خورسند,21,2024-09-04 12:30:41.144005+00,t,
768,درب بهشت,21,2024-09-04 12:30:41.144005+00,t,
769,دهج,21,2024-09-04 12:30:41.144005+00,t,
770,رابر,21,2024-09-04 12:30:41.144005+00,t,
771,راور,21,2024-09-04 12:30:41.144005+00,t,
772,راین,21,2024-09-04 12:30:41.144005+00,t,
773,رفسنجان,21,2024-09-04 12:30:41.144005+00,t,
774,رودبار,21,2024-09-04 12:30:41.144005+00,t,
775,ریحان شهر,21,2024-09-04 12:30:41.144005+00,t,
776,زرند,21,2024-09-04 12:30:41.144005+00,t,
777,زنگی آباد,21,2024-09-04 12:30:41.144005+00,t,
778,زیدآباد,21,2024-09-04 12:30:41.144005+00,t,
779,سیرجان,21,2024-09-04 12:30:41.144005+00,t,
780,شهداد,21,2024-09-04 12:30:41.144005+00,t,
781,شهربابک,21,2024-09-04 12:30:41.144005+00,t,
782,صفائیه,21,2024-09-04 12:30:41.144005+00,t,
783,عنبرآباد,21,2024-09-04 12:30:41.144005+00,t,
784,فاریاب,21,2024-09-04 12:30:41.144005+00,t,
785,فهرج,21,2024-09-04 12:30:41.144005+00,t,
786,قلعه گنج,21,2024-09-04 12:30:41.144005+00,t,
787,کاظم آباد,21,2024-09-04 12:30:41.144005+00,t,
788,کرمان,21,2024-09-04 12:30:41.144005+00,t,
789,کشکوئیه,21,2024-09-04 12:30:41.144005+00,t,
790,کهنوج,21,2024-09-04 12:30:41.144005+00,t,
791,کوهبنان,21,2024-09-04 12:30:41.144005+00,t,
792,کیانشهر,21,2024-09-04 12:30:41.144005+00,t,
793,گلباف,21,2024-09-04 12:30:41.144005+00,t,
794,گلزار,21,2024-09-04 12:30:41.144005+00,t,
795,لاله زار,21,2024-09-04 12:30:41.144005+00,t,
796,ماهان,21,2024-09-04 12:30:41.144005+00,t,
797,محمدآباد,21,2024-09-04 12:30:41.144005+00,t,
798,محی آباد,21,2024-09-04 12:30:41.144005+00,t,
799,مردهک,21,2024-09-04 12:30:41.144005+00,t,
800,مس سرچشمه,21,2024-09-04 12:30:41.144005+00,t,
801,منوجان,21,2024-09-04 12:30:41.144005+00,t,
802,نجف شهر,21,2024-09-04 12:30:41.144005+00,t,
803,نرماشیر,21,2024-09-04 12:30:41.144005+00,t,
804,نظام شهر,21,2024-09-04 12:30:41.144005+00,t,
805,نگار,21,2024-09-04 12:30:41.144005+00,t,
806,نودژ,21,2024-09-04 12:30:41.144005+00,t,
807,هجدک,21,2024-09-04 12:30:41.144005+00,t,
808,یزدان شهر,21,2024-09-04 12:30:41.144005+00,t,
809,ازگله,22,2024-09-04 12:30:46.95457+00,t,
810,اسلام آباد غرب,22,2024-09-04 12:30:46.95457+00,t,
811,باینگان,22,2024-09-04 12:30:46.95457+00,t,
812,بیستون,22,2024-09-04 12:30:46.95457+00,t,
813,پاوه,22,2024-09-04 12:30:46.95457+00,t,
814,تازه آباد,22,2024-09-04 12:30:46.95457+00,t,
815,جوان رود,22,2024-09-04 12:30:46.95457+00,t,
816,حمیل,22,2024-09-04 12:30:46.95457+00,t,
817,ماهیدشت,22,2024-09-04 12:30:46.95457+00,t,
818,روانسر,22,2024-09-04 12:30:46.95457+00,t,
819,سرپل ذهاب,22,2024-09-04 12:30:46.95457+00,t,
820,سرمست,22,2024-09-04 12:30:46.95457+00,t,
821,سطر,22,2024-09-04 12:30:46.95457+00,t,
822,سنقر,22,2024-09-04 12:30:46.95457+00,t,
823,سومار,22,2024-09-04 12:30:46.95457+00,t,
824,شاهو,22,2024-09-04 12:30:46.95457+00,t,
825,صحنه,22,2024-09-04 12:30:46.95457+00,t,
942,لشت نشا,26,2024-09-04 12:31:16.294503+00,t,
826,قصرشیرین,22,2024-09-04 12:30:46.95457+00,t,
827,کرمانشاه,22,2024-09-04 12:30:46.95457+00,t,
828,کرندغرب,22,2024-09-04 12:30:46.95457+00,t,
829,کنگاور,22,2024-09-04 12:30:46.95457+00,t,
830,کوزران,22,2024-09-04 12:30:46.95457+00,t,
831,گهواره,22,2024-09-04 12:30:46.95457+00,t,
832,گیلانغرب,22,2024-09-04 12:30:46.95457+00,t,
833,میان راهان,22,2024-09-04 12:30:46.95457+00,t,
834,نودشه,22,2024-09-04 12:30:46.95457+00,t,
835,نوسود,22,2024-09-04 12:30:46.95457+00,t,
836,هرسین,22,2024-09-04 12:30:46.95457+00,t,
837,هلشی,22,2024-09-04 12:30:46.95457+00,t,
838,باشت,23,2024-09-04 12:30:55.457041+00,t,
839,پاتاوه,23,2024-09-04 12:30:55.457041+00,t,
840,چرام,23,2024-09-04 12:30:55.457041+00,t,
841,چیتاب,23,2024-09-04 12:30:55.457041+00,t,
842,دهدشت,23,2024-09-04 12:30:55.457041+00,t,
843,دوگنبدان,23,2024-09-04 12:30:55.457041+00,t,
844,دیشموک,23,2024-09-04 12:30:55.457041+00,t,
845,سوق,23,2024-09-04 12:30:55.457041+00,t,
846,سی سخت,23,2024-09-04 12:30:55.457041+00,t,
847,قلعه رئیسی,23,2024-09-04 12:30:55.457041+00,t,
848,گراب سفلی,23,2024-09-04 12:30:55.457041+00,t,
849,لنده,23,2024-09-04 12:30:55.457041+00,t,
850,لیکک,23,2024-09-04 12:30:55.457041+00,t,
851,مادوان,23,2024-09-04 12:30:55.457041+00,t,
852,مارگون,23,2024-09-04 12:30:55.457041+00,t,
853,یاسوج,23,2024-09-04 12:30:55.457041+00,t,
854,انبارآلوم,24,2024-09-04 12:31:02.312886+00,t,
855,اینچه برون,24,2024-09-04 12:31:02.312886+00,t,
856,آزادشهر,24,2024-09-04 12:31:02.312886+00,t,
857,آق قلا,24,2024-09-04 12:31:02.312886+00,t,
858,بندرترکمن,24,2024-09-04 12:31:02.312886+00,t,
859,بندرگز,24,2024-09-04 12:31:02.312886+00,t,
860,جلین,24,2024-09-04 12:31:02.312886+00,t,
861,خان ببین,24,2024-09-04 12:31:02.312886+00,t,
862,دلند,24,2024-09-04 12:31:02.312886+00,t,
863,رامیان,24,2024-09-04 12:31:02.312886+00,t,
864,سرخنکلاته,24,2024-09-04 12:31:02.312886+00,t,
865,سیمین شهر,24,2024-09-04 12:31:02.312886+00,t,
866,علی آباد کتول,24,2024-09-04 12:31:02.312886+00,t,
867,فاضل آباد,24,2024-09-04 12:31:02.312886+00,t,
868,کردکوی,24,2024-09-04 12:31:02.312886+00,t,
869,کلاله,24,2024-09-04 12:31:02.312886+00,t,
870,گالیکش,24,2024-09-04 12:31:02.312886+00,t,
871,گرگان,24,2024-09-04 12:31:02.312886+00,t,
872,گمیش تپه,24,2024-09-04 12:31:02.312886+00,t,
873,گنبدکاووس,24,2024-09-04 12:31:02.312886+00,t,
874,مراوه,24,2024-09-04 12:31:02.312886+00,t,
875,مینودشت,24,2024-09-04 12:31:02.312886+00,t,
876,نگین شهر,24,2024-09-04 12:31:02.312886+00,t,
877,نوده خاندوز,24,2024-09-04 12:31:02.312886+00,t,
878,نوکنده,24,2024-09-04 12:31:02.312886+00,t,
879,ازنا,25,2024-09-04 12:31:08.742708+00,t,
880,اشترینان,25,2024-09-04 12:31:08.742708+00,t,
881,الشتر,25,2024-09-04 12:31:08.742708+00,t,
882,الیگودرز,25,2024-09-04 12:31:08.742708+00,t,
883,بروجرد,25,2024-09-04 12:31:08.742708+00,t,
884,پلدختر,25,2024-09-04 12:31:08.742708+00,t,
885,چالانچولان,25,2024-09-04 12:31:08.742708+00,t,
886,چغلوندی,25,2024-09-04 12:31:08.742708+00,t,
887,چقابل,25,2024-09-04 12:31:08.742708+00,t,
888,خرم آباد,25,2024-09-04 12:31:08.742708+00,t,
889,درب گنبد,25,2024-09-04 12:31:08.742708+00,t,
890,دورود,25,2024-09-04 12:31:08.742708+00,t,
891,زاغه,25,2024-09-04 12:31:08.742708+00,t,
892,سپیددشت,25,2024-09-04 12:31:08.742708+00,t,
893,سراب دوره,25,2024-09-04 12:31:08.742708+00,t,
894,فیروزآباد,25,2024-09-04 12:31:08.742708+00,t,
895,کونانی,25,2024-09-04 12:31:08.742708+00,t,
896,کوهدشت,25,2024-09-04 12:31:08.742708+00,t,
897,گراب,25,2024-09-04 12:31:08.742708+00,t,
898,معمولان,25,2024-09-04 12:31:08.742708+00,t,
899,مومن آباد,25,2024-09-04 12:31:08.742708+00,t,
900,نورآباد,25,2024-09-04 12:31:08.742708+00,t,
901,ویسیان,25,2024-09-04 12:31:08.742708+00,t,
902,احمدسرگوراب,26,2024-09-04 12:31:16.294503+00,t,
903,اسالم,26,2024-09-04 12:31:16.294503+00,t,
904,اطاقور,26,2024-09-04 12:31:16.294503+00,t,
905,املش,26,2024-09-04 12:31:16.294503+00,t,
906,آستارا,26,2024-09-04 12:31:16.294503+00,t,
907,آستانه اشرفیه,26,2024-09-04 12:31:16.294503+00,t,
908,بازار جمعه,26,2024-09-04 12:31:16.294503+00,t,
909,بره سر,26,2024-09-04 12:31:16.294503+00,t,
910,بندرانزلی,26,2024-09-04 12:31:16.294503+00,t,
911,پره سر,26,2024-09-04 12:31:16.294503+00,t,
912,تالش,26,2024-09-04 12:31:16.294503+00,t,
913,توتکابن,26,2024-09-04 12:31:16.294503+00,t,
914,جیرنده,26,2024-09-04 12:31:16.294503+00,t,
915,چابکسر,26,2024-09-04 12:31:16.294503+00,t,
916,چاف و چمخاله,26,2024-09-04 12:31:16.294503+00,t,
917,چوبر,26,2024-09-04 12:31:16.294503+00,t,
918,حویق,26,2024-09-04 12:31:16.294503+00,t,
919,خشکبیجار,26,2024-09-04 12:31:16.294503+00,t,
920,خمام,26,2024-09-04 12:31:16.294503+00,t,
921,دیلمان,26,2024-09-04 12:31:16.294503+00,t,
922,رانکوه,26,2024-09-04 12:31:16.294503+00,t,
923,رحیم آباد,26,2024-09-04 12:31:16.294503+00,t,
924,رستم آباد,26,2024-09-04 12:31:16.294503+00,t,
925,رشت,26,2024-09-04 12:31:16.294503+00,t,
926,رضوانشهر,26,2024-09-04 12:31:16.294503+00,t,
927,رودبار,26,2024-09-04 12:31:16.294503+00,t,
928,رودبنه,26,2024-09-04 12:31:16.294503+00,t,
929,رودسر,26,2024-09-04 12:31:16.294503+00,t,
930,سنگر,26,2024-09-04 12:31:16.294503+00,t,
931,سیاهکل,26,2024-09-04 12:31:16.294503+00,t,
932,شفت,26,2024-09-04 12:31:16.294503+00,t,
933,شلمان,26,2024-09-04 12:31:16.294503+00,t,
934,صومعه سرا,26,2024-09-04 12:31:16.294503+00,t,
935,فومن,26,2024-09-04 12:31:16.294503+00,t,
936,کلاچای,26,2024-09-04 12:31:16.294503+00,t,
937,کوچصفهان,26,2024-09-04 12:31:16.294503+00,t,
938,کومله,26,2024-09-04 12:31:16.294503+00,t,
939,کیاشهر,26,2024-09-04 12:31:16.294503+00,t,
940,گوراب زرمیخ,26,2024-09-04 12:31:16.294503+00,t,
941,لاهیجان,26,2024-09-04 12:31:16.294503+00,t,
943,لنگرود,26,2024-09-04 12:31:16.294503+00,t,
944,لوشان,26,2024-09-04 12:31:16.294503+00,t,
945,لولمان,26,2024-09-04 12:31:16.294503+00,t,
946,لوندویل,26,2024-09-04 12:31:16.294503+00,t,
947,لیسار,26,2024-09-04 12:31:16.294503+00,t,
948,ماسال,26,2024-09-04 12:31:16.294503+00,t,
949,ماسوله,26,2024-09-04 12:31:16.294503+00,t,
950,مرجقل,26,2024-09-04 12:31:16.294503+00,t,
951,منجیل,26,2024-09-04 12:31:16.294503+00,t,
952,واجارگاه,26,2024-09-04 12:31:16.294503+00,t,
953,زیباکنار,26,2024-09-04 12:31:16.294503+00,t,
954,پیربازار,26,2024-09-04 12:31:16.294503+00,t,
955,امیرکلا,27,2024-09-04 12:31:21.271073+00,t,
956,ایزدشهر,27,2024-09-04 12:31:21.271073+00,t,
957,آلاشت,27,2024-09-04 12:31:21.271073+00,t,
958,آمل,27,2024-09-04 12:31:21.271073+00,t,
959,بابل,27,2024-09-04 12:31:21.271073+00,t,
960,بابلسر,27,2024-09-04 12:31:21.271073+00,t,
961,بلده,27,2024-09-04 12:31:21.271073+00,t,
962,بهشهر,27,2024-09-04 12:31:21.271073+00,t,
963,بهنمیر,27,2024-09-04 12:31:21.271073+00,t,
964,پل سفید,27,2024-09-04 12:31:21.271073+00,t,
965,تنکابن,27,2024-09-04 12:31:21.271073+00,t,
966,جویبار,27,2024-09-04 12:31:21.271073+00,t,
967,چالوس,27,2024-09-04 12:31:21.271073+00,t,
968,چمستان,27,2024-09-04 12:31:21.271073+00,t,
969,خرم آباد,27,2024-09-04 12:31:21.271073+00,t,
970,خلیل شهر,27,2024-09-04 12:31:21.271073+00,t,
971,خوش رودپی,27,2024-09-04 12:31:21.271073+00,t,
972,دابودشت,27,2024-09-04 12:31:21.271073+00,t,
973,رامسر,27,2024-09-04 12:31:21.271073+00,t,
974,رستمکلا,27,2024-09-04 12:31:21.271073+00,t,
975,رویان,27,2024-09-04 12:31:21.271073+00,t,
976,رینه,27,2024-09-04 12:31:21.271073+00,t,
977,زرگرمحله,27,2024-09-04 12:31:21.271073+00,t,
978,زیرآب,27,2024-09-04 12:31:21.271073+00,t,
979,ساری,27,2024-09-04 12:31:21.271073+00,t,
980,سرخرود,27,2024-09-04 12:31:21.271073+00,t,
981,سلمان شهر,27,2024-09-04 12:31:21.271073+00,t,
982,سورک,27,2024-09-04 12:31:21.271073+00,t,
983,شیرگاه,27,2024-09-04 12:31:21.271073+00,t,
984,شیرود,27,2024-09-04 12:31:21.271073+00,t,
985,عباس آباد,27,2024-09-04 12:31:21.271073+00,t,
986,فریدونکنار,27,2024-09-04 12:31:21.271073+00,t,
987,فریم,27,2024-09-04 12:31:21.271073+00,t,
988,قائم شهر,27,2024-09-04 12:31:21.271073+00,t,
989,کتالم,27,2024-09-04 12:31:21.271073+00,t,
990,کلارآباد,27,2024-09-04 12:31:21.271073+00,t,
991,کلاردشت,27,2024-09-04 12:31:21.271073+00,t,
992,کله بست,27,2024-09-04 12:31:21.271073+00,t,
993,کوهی خیل,27,2024-09-04 12:31:21.271073+00,t,
994,کیاسر,27,2024-09-04 12:31:21.271073+00,t,
995,کیاکلا,27,2024-09-04 12:31:21.271073+00,t,
996,گتاب,27,2024-09-04 12:31:21.271073+00,t,
997,گزنک,27,2024-09-04 12:31:21.271073+00,t,
998,گلوگاه,27,2024-09-04 12:31:21.271073+00,t,
999,محمودآباد,27,2024-09-04 12:31:21.271073+00,t,
1000,مرزن آباد,27,2024-09-04 12:31:21.271073+00,t,
1001,مرزیکلا,27,2024-09-04 12:31:21.271073+00,t,
1002,نشتارود,27,2024-09-04 12:31:21.271073+00,t,
1003,نکا,27,2024-09-04 12:31:21.271073+00,t,
1004,نور,27,2024-09-04 12:31:21.271073+00,t,
1005,نوشهر,27,2024-09-04 12:31:21.271073+00,t,
1006,سادات شهر,27,2024-09-04 12:31:21.271073+00,t,
1007,اراک,28,2024-09-04 12:31:27.187142+00,t,
1008,آستانه,28,2024-09-04 12:31:27.187142+00,t,
1009,آشتیان,28,2024-09-04 12:31:27.187142+00,t,
1010,پرندک,28,2024-09-04 12:31:27.187142+00,t,
1011,تفرش,28,2024-09-04 12:31:27.187142+00,t,
1012,توره,28,2024-09-04 12:31:27.187142+00,t,
1013,جاورسیان,28,2024-09-04 12:31:27.187142+00,t,
1014,خشکرود,28,2024-09-04 12:31:27.187142+00,t,
1015,خمین,28,2024-09-04 12:31:27.187142+00,t,
1016,خنداب,28,2024-09-04 12:31:27.187142+00,t,
1017,داودآباد,28,2024-09-04 12:31:27.187142+00,t,
1018,دلیجان,28,2024-09-04 12:31:27.187142+00,t,
1019,رازقان,28,2024-09-04 12:31:27.187142+00,t,
1020,زاویه,28,2024-09-04 12:31:27.187142+00,t,
1021,ساروق,28,2024-09-04 12:31:27.187142+00,t,
1022,ساوه,28,2024-09-04 12:31:27.187142+00,t,
1023,سنجان,28,2024-09-04 12:31:27.187142+00,t,
1024,شازند,28,2024-09-04 12:31:27.187142+00,t,
1025,غرق آباد,28,2024-09-04 12:31:27.187142+00,t,
1026,فرمهین,28,2024-09-04 12:31:27.187142+00,t,
1027,قورچی باشی,28,2024-09-04 12:31:27.187142+00,t,
1028,کرهرود,28,2024-09-04 12:31:27.187142+00,t,
1029,کمیجان,28,2024-09-04 12:31:27.187142+00,t,
1030,مامونیه,28,2024-09-04 12:31:27.187142+00,t,
1031,محلات,28,2024-09-04 12:31:27.187142+00,t,
1032,مهاجران,28,2024-09-04 12:31:27.187142+00,t,
1033,میلاجرد,28,2024-09-04 12:31:27.187142+00,t,
1034,نراق,28,2024-09-04 12:31:27.187142+00,t,
1035,نوبران,28,2024-09-04 12:31:27.187142+00,t,
1036,نیمور,28,2024-09-04 12:31:27.187142+00,t,
1037,هندودر,28,2024-09-04 12:31:27.187142+00,t,
1038,ابوموسی,29,2024-09-04 12:31:33.749618+00,t,
1039,بستک,29,2024-09-04 12:31:33.749618+00,t,
1040,بندرجاسک,29,2024-09-04 12:31:33.749618+00,t,
1041,بندرچارک,29,2024-09-04 12:31:33.749618+00,t,
1042,بندرخمیر,29,2024-09-04 12:31:33.749618+00,t,
1043,بندرعباس,29,2024-09-04 12:31:33.749618+00,t,
1044,بندرلنگه,29,2024-09-04 12:31:33.749618+00,t,
1045,بیکا,29,2024-09-04 12:31:33.749618+00,t,
1046,پارسیان,29,2024-09-04 12:31:33.749618+00,t,
1047,تخت,29,2024-09-04 12:31:33.749618+00,t,
1048,جناح,29,2024-09-04 12:31:33.749618+00,t,
1049,حاجی آباد,29,2024-09-04 12:31:33.749618+00,t,
1050,درگهان,29,2024-09-04 12:31:33.749618+00,t,
1051,دهبارز,29,2024-09-04 12:31:33.749618+00,t,
1052,رویدر,29,2024-09-04 12:31:33.749618+00,t,
1053,زیارتعلی,29,2024-09-04 12:31:33.749618+00,t,
1054,سردشت,29,2024-09-04 12:31:33.749618+00,t,
1055,سندرک,29,2024-09-04 12:31:33.749618+00,t,
1056,سوزا,29,2024-09-04 12:31:33.749618+00,t,
1057,سیریک,29,2024-09-04 12:31:33.749618+00,t,
1058,فارغان,29,2024-09-04 12:31:33.749618+00,t,
1059,فین,29,2024-09-04 12:31:33.749618+00,t,
1060,قشم,29,2024-09-04 12:31:33.749618+00,t,
1061,قلعه قاضی,29,2024-09-04 12:31:33.749618+00,t,
1062,کنگ,29,2024-09-04 12:31:33.749618+00,t,
1063,کوشکنار,29,2024-09-04 12:31:33.749618+00,t,
1064,کیش,29,2024-09-04 12:31:33.749618+00,t,
1065,گوهران,29,2024-09-04 12:31:33.749618+00,t,
1066,میناب,29,2024-09-04 12:31:33.749618+00,t,
1067,هرمز,29,2024-09-04 12:31:33.749618+00,t,
1068,هشتبندی,29,2024-09-04 12:31:33.749618+00,t,
1069,ازندریان,30,2024-09-04 12:31:45.544921+00,t,
1070,اسدآباد,30,2024-09-04 12:31:45.544921+00,t,
1071,برزول,30,2024-09-04 12:31:45.544921+00,t,
1072,بهار,30,2024-09-04 12:31:45.544921+00,t,
1073,تویسرکان,30,2024-09-04 12:31:45.544921+00,t,
1074,جورقان,30,2024-09-04 12:31:45.544921+00,t,
1075,جوکار,30,2024-09-04 12:31:45.544921+00,t,
1076,دمق,30,2024-09-04 12:31:45.544921+00,t,
1077,رزن,30,2024-09-04 12:31:45.544921+00,t,
1078,زنگنه,30,2024-09-04 12:31:45.544921+00,t,
1079,سامن,30,2024-09-04 12:31:45.544921+00,t,
1080,سرکان,30,2024-09-04 12:31:45.544921+00,t,
1081,شیرین سو,30,2024-09-04 12:31:45.544921+00,t,
1082,صالح آباد,30,2024-09-04 12:31:45.544921+00,t,
1083,فامنین,30,2024-09-04 12:31:45.544921+00,t,
1084,فرسفج,30,2024-09-04 12:31:45.544921+00,t,
1085,فیروزان,30,2024-09-04 12:31:45.544921+00,t,
1086,قروه درجزین,30,2024-09-04 12:31:45.544921+00,t,
1087,قهاوند,30,2024-09-04 12:31:45.544921+00,t,
1088,کبودر آهنگ,30,2024-09-04 12:31:45.544921+00,t,
1089,گل تپه,30,2024-09-04 12:31:45.544921+00,t,
1090,گیان,30,2024-09-04 12:31:45.544921+00,t,
1091,لالجین,30,2024-09-04 12:31:45.544921+00,t,
1092,مریانج,30,2024-09-04 12:31:45.544921+00,t,
1093,ملایر,30,2024-09-04 12:31:45.544921+00,t,
1094,نهاوند,30,2024-09-04 12:31:45.544921+00,t,
1095,همدان,30,2024-09-04 12:31:45.544921+00,t,
1096,ابرکوه,31,2024-09-04 12:31:51.008119+00,t,
1097,احمدآباد,31,2024-09-04 12:31:51.008119+00,t,
1098,اردکان,31,2024-09-04 12:31:51.008119+00,t,
1099,اشکذر,31,2024-09-04 12:31:51.008119+00,t,
1100,بافق,31,2024-09-04 12:31:51.008119+00,t,
1101,بفروئیه,31,2024-09-04 12:31:51.008119+00,t,
1102,بهاباد,31,2024-09-04 12:31:51.008119+00,t,
1103,تفت,31,2024-09-04 12:31:51.008119+00,t,
1104,حمیدیا,31,2024-09-04 12:31:51.008119+00,t,
1105,خضرآباد,31,2024-09-04 12:31:51.008119+00,t,
1106,دیهوک,31,2024-09-04 12:31:51.008119+00,t,
1107,زارچ,31,2024-09-04 12:31:51.008119+00,t,
1108,شاهدیه,31,2024-09-04 12:31:51.008119+00,t,
1109,طبس,31,2024-09-04 12:31:51.008119+00,t,
1110,عقدا,31,2024-09-04 12:31:51.008119+00,t,
1111,مروست,31,2024-09-04 12:31:51.008119+00,t,
1112,مهردشت,31,2024-09-04 12:31:51.008119+00,t,
1113,مهریز,31,2024-09-04 12:31:51.008119+00,t,
1114,میبد,31,2024-09-04 12:31:51.008119+00,t,
1115,ندوشن,31,2024-09-04 12:31:51.008119+00,t,
1116,نیر,31,2024-09-04 12:31:51.008119+00,t,
1117,هرات,31,2024-09-04 12:31:51.008119+00,t,
1118,یزد,31,2024-09-04 12:31:51.008119+00,t,
1119,رضوانشهر,31,2024-09-04 12:31:51.008119+00,t,
